measurement,V_DS (V),V_th (V),v_min (V),v_max (V),R^2,n_points
D1B1(ICMAB)_1_00,-0.400119,0.03477624459314566,-0.4,-0.06,0.9921002313342845,35
D1B1(ICMAB)_2_00,-0.400205,0.033508308438914725,-0.4,-0.06,0.9920656952534322,34
D1B1(ICMAB)_3_00,-0.400229,0.03771148922561965,-0.4,-0.06,0.9943979827295286,35
D1B1(ICMAB)_4_00,-0.400188,0.04471184391622368,-0.4,-0.06,0.9958106512240973,35
D1B1(ICMAB)_5_00,-0.400147,0.04956871434484169,-0.4,-0.06,0.9964625301014146,34
D1B1(ICMAB)_Reference_00,-0.400093,0.021922556991206626,-0.4,-0.06,0.9878253033401757,35
D1B1(ICMAB)_TBE_00,-0.400169,0.009768147057235615,-0.4,-0.06,0.9827987532906233,34
D1B2(ICMAB)Bicapa_1_00,-0.400167,-0.006200919614850932,-0.39,-0.06,0.9979291092384147,33
D1B2(ICMAB)Bicapa_2_00,-0.400231,0.008319376928608306,-0.4,-0.06,0.9990672018053921,34
D1B2(ICMAB)Bicapa_Reference_00,-0.400138,-0.04194963887225862,-0.4,-0.06,0.9911708886050712,35
D1B2(ICMAB)Bicapa_TBE_00,-0.400124,-3.9817521420903406,-0.39,-0.029999999999999992,0.9883379478169477,36
D1B2(ICMAB)Bicapa_TBE_01,-0.400138,-0.009970973362208315,-0.38,-0.06,0.9967950970864679,32
D1B2(ICMAB)Bicapa_TBE_02,-0.400114,-0.013137902712028747,-0.38,-0.06,0.9948386364654032,32
D1B2_ICMAB(Bicapa)_3_00,-0.400188,0.025366192798386554,-0.4,-0.06,0.999633575839901,34
D1B2_ICMAB(Bicapa)_4_00,-0.400207,0.021346584077397868,-0.39,-0.06,0.9996315716514362,33
D1B3_BicapaICMAB_5_00,-0.400152,-0.033048475267051104,-0.4,-0.06,0.9883010074507501,35
D1B3_ICN2_2_00,-0.400176,0.09183108287743312,-0.4,-0.06,0.996676058287029,35
D1B3_ICN2_3_00,-0.400202,0.07715511498046926,-0.4,-0.06,0.9946984282268962,35
D1B3_ICN2_4_00,-0.400226,0.12001752503046079,-0.39,-0.06,0.998869019836894,33
D1B3_ICN2_5_00,-0.400195,0.11828279166214772,-0.4,-0.06,0.9979545198506711,34
D1B3_ICN2_Reference_00,-0.0998163,0.22799709694097275,-0.4,-0.06,0.9596018176460684,35
D1B3_ICN2_Reference_01,-0.400202,0.06342144474979253,-0.4,-0.06,0.9900273991100635,34
D1B3_ICN2_TBE_00,-0.400178,0.12108166004295415,-0.4,-0.06,0.9965199917118198,35
